item_id,dept_id,current_inventory,reorder_point,recommended_order_qty,potential_stockout_loss,xai_reasoning
FOODS_1_001,FOODS_1,0,2.942453911966157,3,0.8173107996508675,"Order 3 units: Predicted demand is 0.4/day. With 2d lead time and 2.2 buffer, we need 2.9 total."
FOODS_1_001,FOODS_1,0,2.4929310126604474,2,0.6649673931408433,"Order 2 units: Predicted demand is 0.3/day. With 2d lead time and 1.9 buffer, we need 2.5 total."
FOODS_1_001,FOODS_1,0,1.868694468151378,2,0.6999084713141239,"Order 2 units: Predicted demand is 0.3/day. With 2d lead time and 1.2 buffer, we need 1.9 total."
FOODS_1_001,FOODS_1,0,2.95320910776072,3,0.4094748237774101,"Order 3 units: Predicted demand is 0.2/day. With 2d lead time and 2.6 buffer, we need 3.0 total."
FOODS_1_002,FOODS_1,0,2.270413951267065,2,2.425984971121285,"Order 2 units: Predicted demand is 0.3/day. With 2d lead time and 1.8 buffer, we need 2.3 total."
FOODS_1_002,FOODS_1,0,2.8519528424217278,3,3.5936871009408264,"Order 3 units: Predicted demand is 0.4/day. With 2d lead time and 2.1 buffer, we need 2.9 total."
FOODS_1_002,FOODS_1,0,0.0,0,0.0,Inventory sufficient: Current stock covers ROP.
FOODS_1_002,FOODS_1,0,0.0,0,0.0,Inventory sufficient: Current stock covers ROP.
FOODS_1_003,FOODS_1,0,1.2935475474663276,1,0.6692545729815906,"Order 1 units: Predicted demand is 0.2/day. With 2d lead time and 0.9 buffer, we need 1.3 total."
FOODS_1_003,FOODS_1,0,6.185877896113116,6,0.8250289928722868,"Order 6 units: Predicted demand is 0.3/day. With 2d lead time and 5.7 buffer, we need 6.2 total."
FOODS_1_003,FOODS_1,0,1.6687067146783214,2,0.8614792852780798,"Order 2 units: Predicted demand is 0.3/day. With 2d lead time and 1.1 buffer, we need 1.7 total."
FOODS_1_003,FOODS_1,0,1.5319493606792087,2,0.46536160783847635,"Order 2 units: Predicted demand is 0.1/day. With 2d lead time and 1.2 buffer, we need 1.5 total."
FOODS_1_004,FOODS_1,22,58.884986992456874,37,0.0,"Order 37 units: Predicted demand is 9.1/day. With 2d lead time and 40.7 buffer, we need 58.9 total."
FOODS_1_004,FOODS_1,1,15.813710405711147,15,4.097335376797179,"Order 15 units: Predicted demand is 3.1/day. With 2d lead time and 9.6 buffer, we need 15.8 total."
FOODS_1_004,FOODS_1,3,32.71107240235467,30,5.782732046269435,"Order 30 units: Predicted demand is 6.0/day. With 2d lead time and 20.8 buffer, we need 32.7 total."
FOODS_1_004,FOODS_1,1,8.673894334074133,8,3.1294792287078144,"Order 8 units: Predicted demand is 2.6/day. With 2d lead time and 3.5 buffer, we need 8.7 total."
FOODS_1_005,FOODS_1,0,7.443263743012735,7,2.582087734300227,"Order 7 units: Predicted demand is 0.7/day. With 2d lead time and 6.0 buffer, we need 7.4 total."
FOODS_1_005,FOODS_1,1,10.832150575698353,10,0.8105985574880314,"Order 10 units: Predicted demand is 1.2/day. With 2d lead time and 8.4 buffer, we need 10.8 total."
FOODS_1_005,FOODS_1,0,2.24175950269125,2,1.7658469675206787,"Order 2 units: Predicted demand is 0.5/day. With 2d lead time and 1.2 buffer, we need 2.2 total."
FOODS_1_005,FOODS_1,0,2.54891399708096,3,1.6701671236131361,"Order 3 units: Predicted demand is 0.5/day. With 2d lead time and 1.6 buffer, we need 2.5 total."
FOODS_1_006,FOODS_1,0,5.596775668736742,6,0.9047204934135759,"Order 6 units: Predicted demand is 0.4/day. With 2d lead time and 4.8 buffer, we need 5.6 total."
FOODS_1_006,FOODS_1,0,1.79516921189498,2,0.6175515680659907,"Order 2 units: Predicted demand is 0.3/day. With 2d lead time and 1.2 buffer, we need 1.8 total."
FOODS_1_006,FOODS_1,0,4.276403991885795,4,0.9754996710880667,"Order 4 units: Predicted demand is 0.4/day. With 2d lead time and 3.4 buffer, we need 4.3 total."
FOODS_1_006,FOODS_1,0,1.721933201424924,2,0.657030265521421,"Order 2 units: Predicted demand is 0.3/day. With 2d lead time and 1.1 buffer, we need 1.7 total."
FOODS_1_008,FOODS_1,0,3.763343972031603,4,0.8382188145429804,"Order 4 units: Predicted demand is 0.2/day. With 2d lead time and 3.3 buffer, we need 3.8 total."
FOODS_1_008,FOODS_1,0,1.562628447049765,2,0.5641033417175819,"Order 2 units: Predicted demand is 0.2/day. With 2d lead time and 1.2 buffer, we need 1.6 total."
FOODS_1_008,FOODS_1,0,1.1955275708613113,1,0.5597363719748731,"Order 1 units: Predicted demand is 0.2/day. With 2d lead time and 0.9 buffer, we need 1.2 total."
FOODS_1_008,FOODS_1,0,1.991133131922538,2,0.41179825004569065,"Order 2 units: Predicted demand is 0.1/day. With 2d lead time and 1.8 buffer, we need 2.0 total."
FOODS_1_009,FOODS_1,0,6.895932444367326,7,0.7160225459789129,"Order 7 units: Predicted demand is 0.3/day. With 2d lead time and 6.3 buffer, we need 6.9 total."
FOODS_1_009,FOODS_1,0,2.5232503141251854,3,0.6989285638244901,"Order 3 units: Predicted demand is 0.3/day. With 2d lead time and 1.9 buffer, we need 2.5 total."
FOODS_1_009,FOODS_1,1,12.221602478109268,11,0.1201843573735543,"Order 11 units: Predicted demand is 1.1/day. With 2d lead time and 10.1 buffer, we need 12.2 total."
FOODS_1_009,FOODS_1,0,3.3587239954832055,3,0.7542749502835371,"Order 3 units: Predicted demand is 0.3/day. With 2d lead time and 2.7 buffer, we need 3.4 total."
FOODS_1_010,FOODS_1,0,1.3073810609969232,1,0.48515199258329866,"Order 1 units: Predicted demand is 0.1/day. With 2d lead time and 1.1 buffer, we need 1.3 total."
FOODS_1_010,FOODS_1,0,1.597219667578117,2,1.3025874377068218,"Order 2 units: Predicted demand is 0.2/day. With 2d lead time and 1.1 buffer, we need 1.6 total."
FOODS_1_010,FOODS_1,0,3.19314798014487,3,1.5667464741537696,"Order 3 units: Predicted demand is 0.3/day. With 2d lead time and 2.6 buffer, we need 3.2 total."
FOODS_1_010,FOODS_1,0,0.0,0,0.0,Inventory sufficient: Current stock covers ROP.
FOODS_1_011,FOODS_1,0,0.0,0,0.0,Inventory sufficient: Current stock covers ROP.
FOODS_1_011,FOODS_1,0,0.0,0,0.0,Inventory sufficient: Current stock covers ROP.
FOODS_1_011,FOODS_1,0,2.1224374942311846,2,0.34814935654857815,"Order 2 units: Predicted demand is 0.1/day. With 2d lead time and 1.8 buffer, we need 2.1 total."
FOODS_1_011,FOODS_1,0,0.0,0,0.0,Inventory sufficient: Current stock covers ROP.
FOODS_1_012,FOODS_1,0,8.762275135625499,9,8.322363063783918,"Order 9 units: Predicted demand is 1.5/day. With 2d lead time and 5.8 buffer, we need 8.8 total."
FOODS_1_012,FOODS_1,8,21.621951933540387,14,0.0,"Order 14 units: Predicted demand is 5.5/day. With 2d lead time and 10.7 buffer, we need 21.6 total."
FOODS_1_012,FOODS_1,0,14.901115592524052,15,15.819757490842726,"Order 15 units: Predicted demand is 2.8/day. With 2d lead time and 9.3 buffer, we need 14.9 total."
FOODS_1_012,FOODS_1,4,10.415094122796068,6,0.0,"Order 6 units: Predicted demand is 1.7/day. With 2d lead time and 6.9 buffer, we need 10.4 total."
FOODS_1_013,FOODS_1,1,7.129474987361776,6,0.5279235314768339,"Order 6 units: Predicted demand is 1.4/day. With 2d lead time and 4.4 buffer, we need 7.1 total."
FOODS_1_013,FOODS_1,2,20.199932739923973,18,0.0,"Order 18 units: Predicted demand is 1.4/day. With 2d lead time and 17.5 buffer, we need 20.2 total."
FOODS_1_013,FOODS_1,1,7.415280132270485,6,1.4238344146028217,"Order 6 units: Predicted demand is 1.9/day. With 2d lead time and 3.5 buffer, we need 7.4 total."
FOODS_1_013,FOODS_1,1,3.338387087986998,2,0.0,"Order 2 units: Predicted demand is 0.7/day. With 2d lead time and 1.9 buffer, we need 3.3 total."
FOODS_1_014,FOODS_1,0,9.523973100835612,10,0.25843083471308087,"Order 10 units: Predicted demand is 0.3/day. With 2d lead time and 9.0 buffer, we need 9.5 total."
FOODS_1_014,FOODS_1,0,1.429557432381894,1,0.14415366800467308,"Order 1 units: Predicted demand is 0.1/day. With 2d lead time and 1.1 buffer, we need 1.4 total."
FOODS_1_014,FOODS_1,0,4.79047239727274,5,0.28120846907431307,"Order 5 units: Predicted demand is 0.3/day. With 2d lead time and 4.2 buffer, we need 4.8 total."
FOODS_1_014,FOODS_1,0,1.6078518408707199,2,0.17836147812939304,"Order 2 units: Predicted demand is 0.2/day. With 2d lead time and 1.2 buffer, we need 1.6 total."
FOODS_1_015,FOODS_1,0,0.0,0,0.0,Inventory sufficient: Current stock covers ROP.
FOODS_1_015,FOODS_1,3,7.458971494803411,4,0.0,"Order 4 units: Predicted demand is 1.3/day. With 2d lead time and 4.8 buffer, we need 7.5 total."
FOODS_1_015,FOODS_1,0,1.895078725444196,2,1.767852179774543,"Order 2 units: Predicted demand is 0.5/day. With 2d lead time and 0.9 buffer, we need 1.9 total."
FOODS_1_015,FOODS_1,0,0.0,0,0.0,Inventory sufficient: Current stock covers ROP.
FOODS_1_016,FOODS_1,0,2.442751913915388,2,0.7732181181757204,"Order 2 units: Predicted demand is 0.3/day. With 2d lead time and 1.8 buffer, we need 2.4 total."
FOODS_1_016,FOODS_1,0,5.565276598705898,6,1.0618370431776905,"Order 6 units: Predicted demand is 0.5/day. With 2d lead time and 4.6 buffer, we need 5.6 total."
FOODS_1_016,FOODS_1,0,3.627120363474922,4,0.904957683668766,"Order 4 units: Predicted demand is 0.4/day. With 2d lead time and 2.8 buffer, we need 3.6 total."
FOODS_1_016,FOODS_1,0,6.703516749241567,7,0.6178029304260777,"Order 7 units: Predicted demand is 0.3/day. With 2d lead time and 6.2 buffer, we need 6.7 total."
FOODS_1_017,FOODS_1,0,3.770992582021556,4,0.6282278021784484,"Order 4 units: Predicted demand is 0.3/day. With 2d lead time and 3.2 buffer, we need 3.8 total."
FOODS_1_017,FOODS_1,0,4.363194958204143,4,0.5205058875038966,"Order 4 units: Predicted demand is 0.2/day. With 2d lead time and 3.9 buffer, we need 4.4 total."
FOODS_1_017,FOODS_1,1,4.6222531919586425,4,0.0,"Order 4 units: Predicted demand is 0.6/day. With 2d lead time and 3.5 buffer, we need 4.6 total."
FOODS_1_017,FOODS_1,0,2.9869163452982708,3,0.7398766458673097,"Order 3 units: Predicted demand is 0.3/day. With 2d lead time and 2.3 buffer, we need 3.0 total."
FOODS_1_018,FOODS_1,2,15.726845482383952,14,1.3444959149691165,"Order 14 units: Predicted demand is 3.4/day. With 2d lead time and 9.0 buffer, we need 15.7 total."
FOODS_1_018,FOODS_1,4,33.79322771260519,30,0.0,"Order 30 units: Predicted demand is 2.8/day. With 2d lead time and 28.1 buffer, we need 33.8 total."
FOODS_1_018,FOODS_1,1,44.81070979345641,44,3.1925443004827385,"Order 44 units: Predicted demand is 4.3/day. With 2d lead time and 36.3 buffer, we need 44.8 total."
FOODS_1_018,FOODS_1,5,11.9618382620183,7,0.0,"Order 7 units: Predicted demand is 2.4/day. With 2d lead time and 7.1 buffer, we need 12.0 total."
FOODS_1_019,FOODS_1,0,16.456238774142456,16,1.4555145786351578,"Order 16 units: Predicted demand is 1.5/day. With 2d lead time and 13.5 buffer, we need 16.5 total."
FOODS_1_019,FOODS_1,5,20.46331387965754,15,0.0,"Order 15 units: Predicted demand is 2.0/day. With 2d lead time and 16.5 buffer, we need 20.5 total."
FOODS_1_019,FOODS_1,3,11.510506453051581,9,0.0,"Order 9 units: Predicted demand is 1.4/day. With 2d lead time and 8.6 buffer, we need 11.5 total."
FOODS_1_019,FOODS_1,1,14.727725230672945,14,0.9822155001179005,"Order 14 units: Predicted demand is 2.0/day. With 2d lead time and 10.7 buffer, we need 14.7 total."
FOODS_1_020,FOODS_1,0,0.0,0,0.0,Inventory sufficient: Current stock covers ROP.
FOODS_1_020,FOODS_1,0,0.0,0,0.0,Inventory sufficient: Current stock covers ROP.
FOODS_1_020,FOODS_1,0,0.015348384460710723,0,0.015198497893711594,"Order 0 units: Predicted demand is 0.0/day. With 2d lead time and 0.0 buffer, we need 0.0 total."
FOODS_1_020,FOODS_1,0,0.0,0,0.0,Inventory sufficient: Current stock covers ROP.
FOODS_1_021,FOODS_1,1,22.010937385467702,21,0.0,"Order 21 units: Predicted demand is 0.8/day. With 2d lead time and 20.4 buffer, we need 22.0 total."
FOODS_1_021,FOODS_1,0,10.127768697379532,10,1.375817244500996,"Order 10 units: Predicted demand is 1.4/day. With 2d lead time and 7.3 buffer, we need 10.1 total."
FOODS_1_021,FOODS_1,0,4.613564087102885,5,0.6676298634202114,"Order 5 units: Predicted demand is 0.7/day. With 2d lead time and 3.3 buffer, we need 4.6 total."
FOODS_1_021,FOODS_1,0,10.471425148146551,10,0.5222993137455613,"Order 10 units: Predicted demand is 0.5/day. With 2d lead time and 9.4 buffer, we need 10.5 total."
FOODS_1_022,FOODS_1,0,0.0,0,0.0,Inventory sufficient: Current stock covers ROP.
FOODS_1_022,FOODS_1,0,1.052730881797526,1,0.4199104586080413,"Order 1 units: Predicted demand is 0.1/day. With 2d lead time and 0.9 buffer, we need 1.1 total."
FOODS_1_022,FOODS_1,0,2.6585808801227158,3,0.9385910444764085,"Order 3 units: Predicted demand is 0.2/day. With 2d lead time and 2.3 buffer, we need 2.7 total."
FOODS_1_022,FOODS_1,0,0.0,0,0.0,Inventory sufficient: Current stock covers ROP.
FOODS_1_023,FOODS_1,0,0.29747888032992925,0,0.8389834046805036,"Order 0 units: Predicted demand is 0.1/day. With 2d lead time and 0.0 buffer, we need 0.3 total."
FOODS_1_023,FOODS_1,0,8.852284141812653,9,5.334099520630218,"Order 9 units: Predicted demand is 0.9/day. With 2d lead time and 7.0 buffer, we need 8.9 total."
FOODS_1_023,FOODS_1,3,7.574234634199337,5,0.0,"Order 5 units: Predicted demand is 1.7/day. With 2d lead time and 4.2 buffer, we need 7.6 total."
FOODS_1_023,FOODS_1,1,5.494767617425287,4,0.0,"Order 4 units: Predicted demand is 0.9/day. With 2d lead time and 3.7 buffer, we need 5.5 total."
FOODS_1_024,FOODS_1,0,0.2955459818313492,0,0.7180843777308563,"Order 0 units: Predicted demand is 0.1/day. With 2d lead time and 0.0 buffer, we need 0.3 total."
FOODS_1_024,FOODS_1,1,9.48037368152932,8,1.6263044049274218,"Order 8 units: Predicted demand is 1.3/day. With 2d lead time and 6.8 buffer, we need 9.5 total."
FOODS_1_024,FOODS_1,0,5.583152507533647,6,3.3921365776298797,"Order 6 units: Predicted demand is 0.7/day. With 2d lead time and 4.2 buffer, we need 5.6 total."
FOODS_1_024,FOODS_1,0,2.4415678057195116,2,1.6598426742580155,"Order 2 units: Predicted demand is 0.3/day. With 2d lead time and 1.8 buffer, we need 2.4 total."
FOODS_1_025,FOODS_1,0,1.771355526382547,2,1.1261186616233538,"Order 2 units: Predicted demand is 0.3/day. With 2d lead time and 1.2 buffer, we need 1.8 total."
FOODS_1_025,FOODS_1,0,4.91173113321412,5,1.2269706345550075,"Order 5 units: Predicted demand is 0.3/day. With 2d lead time and 4.3 buffer, we need 4.9 total."
FOODS_1_025,FOODS_1,0,5.215008576451734,5,1.0256675993141247,"Order 5 units: Predicted demand is 0.2/day. With 2d lead time and 4.7 buffer, we need 5.2 total."
FOODS_1_025,FOODS_1,0,2.1886321744676964,2,0.9184083030884652,"Order 2 units: Predicted demand is 0.2/day. With 2d lead time and 1.8 buffer, we need 2.2 total."
FOODS_1_026,FOODS_1,0,5.888865911173687,6,0.9839789398466148,"Order 6 units: Predicted demand is 0.1/day. With 2d lead time and 5.6 buffer, we need 5.9 total."
FOODS_1_026,FOODS_1,0,0.0,0,0.0,Inventory sufficient: Current stock covers ROP.
FOODS_1_026,FOODS_1,0,2.0797408023492925,2,2.572559141629236,"Order 2 units: Predicted demand is 0.4/day. With 2d lead time and 1.3 buffer, we need 2.1 total."
FOODS_1_026,FOODS_1,0,0.0,0,0.0,Inventory sufficient: Current stock covers ROP.
FOODS_1_027,FOODS_1,0,0.0,0,0.0,Inventory sufficient: Current stock covers ROP.
FOODS_1_027,FOODS_1,3,12.718540567685302,10,0.0,"Order 10 units: Predicted demand is 2.0/day. With 2d lead time and 8.7 buffer, we need 12.7 total."
FOODS_1_027,FOODS_1,1,11.148326089593416,10,0.8077420065954999,"Order 10 units: Predicted demand is 1.4/day. With 2d lead time and 8.3 buffer, we need 11.1 total."
FOODS_1_027,FOODS_1,0,4.491742190542171,4,0.5813597038646531,"Order 4 units: Predicted demand is 0.3/day. With 2d lead time and 3.9 buffer, we need 4.5 total."
FOODS_1_028,FOODS_1,0,6.075880009602135,6,0.8003948350813742,"Order 6 units: Predicted demand is 0.3/day. With 2d lead time and 5.5 buffer, we need 6.1 total."
FOODS_1_028,FOODS_1,0,3.0209510413659033,3,0.7946941588585893,"Order 3 units: Predicted demand is 0.3/day. With 2d lead time and 2.5 buffer, we need 3.0 total."
FOODS_1_028,FOODS_1,0,4.708133794362961,5,1.721145953355019,"Order 5 units: Predicted demand is 0.6/day. With 2d lead time and 3.6 buffer, we need 4.7 total."
FOODS_1_028,FOODS_1,0,3.8068861793316926,4,0.8283604468637528,"Order 4 units: Predicted demand is 0.3/day. With 2d lead time and 3.3 buffer, we need 3.8 total."
FOODS_1_029,FOODS_1,0,1.586018525468437,2,0.7304676030313182,"Order 2 units: Predicted demand is 0.2/day. With 2d lead time and 1.2 buffer, we need 1.6 total."
FOODS_1_029,FOODS_1,0,0.0,0,0.0,Inventory sufficient: Current stock covers ROP.
FOODS_1_029,FOODS_1,0,5.636162762760108,6,0.9256574507506546,"Order 6 units: Predicted demand is 0.2/day. With 2d lead time and 5.2 buffer, we need 5.6 total."
FOODS_1_029,FOODS_1,0,0.0,0,0.0,Inventory sufficient: Current stock covers ROP.
FOODS_1_030,FOODS_1,0,0.03195324902661552,0,0.05560614234905162,"Order 0 units: Predicted demand is 0.0/day. With 2d lead time and 0.0 buffer, we need 0.0 total."
FOODS_1_030,FOODS_1,0,1.2611161319560544,1,0.6646086821223278,"Order 1 units: Predicted demand is 0.2/day. With 2d lead time and 0.9 buffer, we need 1.3 total."
FOODS_1_030,FOODS_1,0,1.0797009067298906,1,0.3489036710353902,"Order 1 units: Predicted demand is 0.1/day. With 2d lead time and 0.9 buffer, we need 1.1 total."
FOODS_1_030,FOODS_1,0,1.991133131922538,2,0.40498039822374216,"Order 2 units: Predicted demand is 0.1/day. With 2d lead time and 1.8 buffer, we need 2.0 total."
FOODS_1_031,FOODS_1,1,12.276160787433223,11,0.0,"Order 11 units: Predicted demand is 0.5/day. With 2d lead time and 11.3 buffer, we need 12.3 total."
FOODS_1_031,FOODS_1,0,8.255079823004564,8,5.449784915146558,"Order 8 units: Predicted demand is 1.5/day. With 2d lead time and 5.2 buffer, we need 8.3 total."
FOODS_1_031,FOODS_1,4,9.03101033303156,5,0.0,"Order 5 units: Predicted demand is 1.5/day. With 2d lead time and 6.0 buffer, we need 9.0 total."
FOODS_1_031,FOODS_1,0,7.848879079382925,8,0.6545967930040323,"Order 8 units: Predicted demand is 0.2/day. With 2d lead time and 7.5 buffer, we need 7.8 total."
FOODS_1_032,FOODS_1,4,12.916621169958743,9,0.0,"Order 9 units: Predicted demand is 1.7/day. With 2d lead time and 9.4 buffer, we need 12.9 total."
FOODS_1_032,FOODS_1,2,11.754148964231222,10,0.0,"Order 10 units: Predicted demand is 1.0/day. With 2d lead time and 9.7 buffer, we need 11.8 total."
FOODS_1_032,FOODS_1,3,36.15535068658866,33,0.589364315037525,"Order 33 units: Predicted demand is 3.6/day. With 2d lead time and 29.0 buffer, we need 36.2 total."
FOODS_1_032,FOODS_1,1,27.161624001843485,26,3.9310626329306264,"Order 26 units: Predicted demand is 5.0/day. With 2d lead time and 17.1 buffer, we need 27.2 total."
FOODS_1_033,FOODS_1,0,3.5549986966984974,4,1.6774354433122654,"Order 4 units: Predicted demand is 0.3/day. With 2d lead time and 3.0 buffer, we need 3.6 total."
FOODS_1_033,FOODS_1,0,5.6773670796485085,6,1.1340919646240688,"Order 6 units: Predicted demand is 0.2/day. With 2d lead time and 5.3 buffer, we need 5.7 total."
FOODS_1_033,FOODS_1,0,1.4474671805422732,1,0.8802386266135438,"Order 1 units: Predicted demand is 0.2/day. With 2d lead time and 1.1 buffer, we need 1.4 total."
FOODS_1_033,FOODS_1,0,1.2858354453198948,1,0.42438662336917937,"Order 1 units: Predicted demand is 0.1/day. With 2d lead time and 1.1 buffer, we need 1.3 total."
FOODS_1_034,FOODS_1,0,2.393329149646066,2,1.269880646842861,"Order 2 units: Predicted demand is 0.2/day. With 2d lead time and 1.9 buffer, we need 2.4 total."
FOODS_1_034,FOODS_1,0,2.534047502896737,3,1.9936124606569035,"Order 3 units: Predicted demand is 0.4/day. With 2d lead time and 1.8 buffer, we need 2.5 total."
FOODS_1_034,FOODS_1,0,1.1113636449202104,1,0.5967111127677958,"Order 1 units: Predicted demand is 0.1/day. With 2d lead time and 0.9 buffer, we need 1.1 total."
FOODS_1_034,FOODS_1,0,2.452513546648114,2,1.6001041871004145,"Order 2 units: Predicted demand is 0.3/day. With 2d lead time and 1.8 buffer, we need 2.5 total."
FOODS_1_035,FOODS_1,0,0.0,0,0.0,Inventory sufficient: Current stock covers ROP.
FOODS_1_035,FOODS_1,0,0.0,0,0.0,Inventory sufficient: Current stock covers ROP.
FOODS_1_035,FOODS_1,0,0.0,0,0.0,Inventory sufficient: Current stock covers ROP.
FOODS_1_035,FOODS_1,0,0.0,0,0.0,Inventory sufficient: Current stock covers ROP.
FOODS_1_036,FOODS_1,0,4.0583337611913635,4,0.5810994939904874,"Order 4 units: Predicted demand is 0.3/day. With 2d lead time and 3.4 buffer, we need 4.1 total."
FOODS_1_036,FOODS_1,0,4.6341699987503056,5,0.6548413778836821,"Order 5 units: Predicted demand is 0.4/day. With 2d lead time and 3.9 buffer, we need 4.6 total."
FOODS_1_036,FOODS_1,0,10.003323722423929,10,1.3976850858505907,"Order 10 units: Predicted demand is 0.8/day. With 2d lead time and 8.4 buffer, we need 10.0 total."
FOODS_1_036,FOODS_1,0,4.52165251331137,5,0.2978580174621994,"Order 5 units: Predicted demand is 0.2/day. With 2d lead time and 4.2 buffer, we need 4.5 total."
FOODS_1_037,FOODS_1,1,4.929397643893043,4,0.0,"Order 4 units: Predicted demand is 0.4/day. With 2d lead time and 4.2 buffer, we need 4.9 total."
FOODS_1_037,FOODS_1,0,5.191990477784284,5,1.6974669896877663,"Order 5 units: Predicted demand is 0.5/day. With 2d lead time and 4.2 buffer, we need 5.2 total."
FOODS_1_037,FOODS_1,1,6.267523113671723,5,0.0,"Order 5 units: Predicted demand is 0.9/day. With 2d lead time and 4.5 buffer, we need 6.3 total."
FOODS_1_037,FOODS_1,0,0.0,0,0.0,Inventory sufficient: Current stock covers ROP.
FOODS_1_038,FOODS_1,0,2.422538224168713,2,4.061811175772536,"Order 2 units: Predicted demand is 0.4/day. With 2d lead time and 1.6 buffer, we need 2.4 total."
FOODS_1_038,FOODS_1,0,3.344685457866065,3,5.059698734194045,"Order 3 units: Predicted demand is 0.5/day. With 2d lead time and 2.3 buffer, we need 3.3 total."
FOODS_1_038,FOODS_1,0,3.912453971962237,4,3.286465234143355,"Order 4 units: Predicted demand is 0.3/day. With 2d lead time and 3.3 buffer, we need 3.9 total."
FOODS_1_038,FOODS_1,0,1.6709366191073394,2,2.1221285271842842,"Order 2 units: Predicted demand is 0.2/day. With 2d lead time and 1.2 buffer, we need 1.7 total."
FOODS_1_039,FOODS_1,0,5.622883984550781,6,0.7748973691928354,"Order 6 units: Predicted demand is 0.3/day. With 2d lead time and 5.0 buffer, we need 5.6 total."
FOODS_1_039,FOODS_1,0,0.0,0,0.0,Inventory sufficient: Current stock covers ROP.
FOODS_1_039,FOODS_1,0,4.819290176967684,5,0.7841483412752286,"Order 5 units: Predicted demand is 0.3/day. With 2d lead time and 4.2 buffer, we need 4.8 total."
FOODS_1_039,FOODS_1,0,0.0,0,0.0,Inventory sufficient: Current stock covers ROP.
FOODS_1_040,FOODS_1,0,8.861995637350052,9,1.400967657264111,"Order 9 units: Predicted demand is 0.8/day. With 2d lead time and 7.3 buffer, we need 8.9 total."
FOODS_1_040,FOODS_1,1,6.6086113142725935,6,0.0,"Order 6 units: Predicted demand is 0.8/day. With 2d lead time and 5.1 buffer, we need 6.6 total."
FOODS_1_040,FOODS_1,1,4.58536931138042,4,0.0,"Order 4 units: Predicted demand is 0.4/day. With 2d lead time and 3.7 buffer, we need 4.6 total."
FOODS_1_040,FOODS_1,0,6.85624636116936,7,0.3152796144277103,"Order 7 units: Predicted demand is 0.2/day. With 2d lead time and 6.5 buffer, we need 6.9 total."
FOODS_1_041,FOODS_1,0,7.741483232117316,8,0.894625287317971,"Order 8 units: Predicted demand is 0.4/day. With 2d lead time and 6.9 buffer, we need 7.7 total."
FOODS_1_041,FOODS_1,0,5.042752539436327,5,0.8897991623026429,"Order 5 units: Predicted demand is 0.4/day. With 2d lead time and 4.2 buffer, we need 5.0 total."
FOODS_1_041,FOODS_1,0,4.439847839062828,4,0.6063660968251001,"Order 4 units: Predicted demand is 0.3/day. With 2d lead time and 3.9 buffer, we need 4.4 total."
FOODS_1_041,FOODS_1,0,2.4373453415856394,2,0.760479166641825,"Order 2 units: Predicted demand is 0.3/day. With 2d lead time and 1.8 buffer, we need 2.4 total."
FOODS_1_042,FOODS_1,1,15.422262972037686,14,0.2672303465654984,"Order 14 units: Predicted demand is 1.3/day. With 2d lead time and 12.9 buffer, we need 15.4 total."
FOODS_1_042,FOODS_1,2,10.459747718212622,8,0.0,"Order 8 units: Predicted demand is 1.1/day. With 2d lead time and 8.2 buffer, we need 10.5 total."
FOODS_1_042,FOODS_1,2,10.167397432368434,8,0.0,"Order 8 units: Predicted demand is 1.1/day. With 2d lead time and 7.9 buffer, we need 10.2 total."
FOODS_1_042,FOODS_1,0,0.038290732676277986,0,0.018762085078439922,"Order 0 units: Predicted demand is 0.0/day. With 2d lead time and 0.0 buffer, we need 0.0 total."
FOODS_1_043,FOODS_1,1,35.386148365219334,34,6.001270432907381,"Order 34 units: Predicted demand is 4.1/day. With 2d lead time and 27.3 buffer, we need 35.4 total."
FOODS_1_043,FOODS_1,8,15.963605360221578,8,0.0,"Order 8 units: Predicted demand is 3.4/day. With 2d lead time and 9.1 buffer, we need 16.0 total."
FOODS_1_043,FOODS_1,6,28.63887772759329,23,1.6651316102558817,"Order 23 units: Predicted demand is 6.8/day. With 2d lead time and 14.9 buffer, we need 28.6 total."
FOODS_1_043,FOODS_1,1,14.107597880718963,13,2.514433434454418,"Order 13 units: Predicted demand is 2.3/day. With 2d lead time and 9.5 buffer, we need 14.1 total."
FOODS_1_044,FOODS_1,0,4.57245879288617,5,0.5743762754207745,"Order 5 units: Predicted demand is 0.2/day. With 2d lead time and 4.2 buffer, we need 4.6 total."
FOODS_1_044,FOODS_1,0,3.2386264362151653,3,0.6146272607009025,"Order 3 units: Predicted demand is 0.2/day. With 2d lead time and 2.8 buffer, we need 3.2 total."
FOODS_1_044,FOODS_1,0,2.5832934954273936,3,0.5521393209839837,"Order 3 units: Predicted demand is 0.2/day. With 2d lead time and 2.2 buffer, we need 2.6 total."
FOODS_1_044,FOODS_1,0,2.6083241358070284,3,0.5894408417059781,"Order 3 units: Predicted demand is 0.2/day. With 2d lead time and 2.2 buffer, we need 2.6 total."
FOODS_1_045,FOODS_1,1,10.620799002252427,10,0.0,"Order 10 units: Predicted demand is 1.0/day. With 2d lead time and 8.7 buffer, we need 10.6 total."
FOODS_1_045,FOODS_1,0,6.362940044343696,6,0.8185441580801338,"Order 6 units: Predicted demand is 0.5/day. With 2d lead time and 5.4 buffer, we need 6.4 total."
FOODS_1_045,FOODS_1,1,6.016207982695541,5,0.0,"Order 5 units: Predicted demand is 0.6/day. With 2d lead time and 4.8 buffer, we need 6.0 total."
FOODS_1_045,FOODS_1,0,4.242040439926251,4,0.518130085750153,"Order 4 units: Predicted demand is 0.3/day. With 2d lead time and 3.7 buffer, we need 4.2 total."
FOODS_1_046,FOODS_1,8,25.885876316706387,18,0.0,"Order 18 units: Predicted demand is 4.0/day. With 2d lead time and 17.8 buffer, we need 25.9 total."
FOODS_1_046,FOODS_1,3,24.236611973008365,21,0.21727633117044443,"Order 21 units: Predicted demand is 3.2/day. With 2d lead time and 17.8 buffer, we need 24.2 total."
FOODS_1_046,FOODS_1,11,31.056395086273003,20,0.0,"Order 20 units: Predicted demand is 3.9/day. With 2d lead time and 23.2 buffer, we need 31.1 total."
FOODS_1_046,FOODS_1,1,12.023446555441012,11,1.5918654426400127,"Order 11 units: Predicted demand is 2.6/day. With 2d lead time and 6.8 buffer, we need 12.0 total."
FOODS_1_047,FOODS_1,0,3.940331002122887,4,1.2921071480322033,"Order 4 units: Predicted demand is 0.4/day. With 2d lead time and 3.2 buffer, we need 3.9 total."
FOODS_1_047,FOODS_1,0,8.203611412159734,8,3.0109589911277808,"Order 8 units: Predicted demand is 0.9/day. With 2d lead time and 6.5 buffer, we need 8.2 total."
FOODS_1_047,FOODS_1,1,6.035734394391369,5,0.0,"Order 5 units: Predicted demand is 0.6/day. With 2d lead time and 4.8 buffer, we need 6.0 total."
FOODS_1_047,FOODS_1,0,2.4990768608622442,2,1.31062055164603,"Order 2 units: Predicted demand is 0.4/day. With 2d lead time and 1.8 buffer, we need 2.5 total."
FOODS_1_048,FOODS_1,0,0.0,0,0.0,Inventory sufficient: Current stock covers ROP.
FOODS_1_048,FOODS_1,0,3.165831828711047,3,2.027823522670565,"Order 3 units: Predicted demand is 0.3/day. With 2d lead time and 2.5 buffer, we need 3.2 total."
FOODS_1_048,FOODS_1,0,3.407084893880195,3,2.3008633777498306,"Order 3 units: Predicted demand is 0.4/day. With 2d lead time and 2.6 buffer, we need 3.4 total."
FOODS_1_048,FOODS_1,0,2.951454291449049,3,2.5654365903997842,"Order 3 units: Predicted demand is 0.4/day. With 2d lead time and 2.1 buffer, we need 3.0 total."
FOODS_1_049,FOODS_1,0,3.5675027343550423,4,0.6318671933190464,"Order 4 units: Predicted demand is 0.3/day. With 2d lead time and 3.0 buffer, we need 3.6 total."
FOODS_1_049,FOODS_1,0,2.950726571737804,3,0.82657714804743,"Order 3 units: Predicted demand is 0.4/day. With 2d lead time and 2.2 buffer, we need 3.0 total."
FOODS_1_049,FOODS_1,0,1.9052033728183184,2,0.7408027229283629,"Order 2 units: Predicted demand is 0.3/day. With 2d lead time and 1.2 buffer, we need 1.9 total."
FOODS_1_049,FOODS_1,0,1.6087126517926,2,0.40869837037318796,"Order 2 units: Predicted demand is 0.2/day. With 2d lead time and 1.2 buffer, we need 1.6 total."
FOODS_1_050,FOODS_1,0,1.2691535596198213,1,1.1660269376374832,"Order 1 units: Predicted demand is 0.2/day. With 2d lead time and 0.9 buffer, we need 1.3 total."
FOODS_1_050,FOODS_1,0,2.179569415340436,2,1.0453524609502514,"Order 2 units: Predicted demand is 0.2/day. With 2d lead time and 1.8 buffer, we need 2.2 total."
FOODS_1_050,FOODS_1,0,1.467828688023426,1,0.9941580738804356,"Order 1 units: Predicted demand is 0.2/day. With 2d lead time and 1.1 buffer, we need 1.5 total."
FOODS_1_050,FOODS_1,0,0.0,0,0.0,Inventory sufficient: Current stock covers ROP.
FOODS_1_051,FOODS_1,1,5.52473658689405,5,0.0,"Order 5 units: Predicted demand is 0.5/day. With 2d lead time and 4.6 buffer, we need 5.5 total."
FOODS_1_051,FOODS_1,0,6.007515424972999,6,0.5991339120341519,"Order 6 units: Predicted demand is 0.2/day. With 2d lead time and 5.7 buffer, we need 6.0 total."
FOODS_1_051,FOODS_1,1,5.142909285497979,4,0.0,"Order 4 units: Predicted demand is 0.6/day. With 2d lead time and 4.0 buffer, we need 5.1 total."
FOODS_1_051,FOODS_1,0,2.4364864182062242,2,1.3117727281947336,"Order 2 units: Predicted demand is 0.3/day. With 2d lead time and 1.8 buffer, we need 2.4 total."
FOODS_1_052,FOODS_1,0,4.311472475751303,4,0.20234945213123512,"Order 4 units: Predicted demand is 0.2/day. With 2d lead time and 3.9 buffer, we need 4.3 total."
FOODS_1_052,FOODS_1,0,4.95915738659326,5,0.3482778398401369,"Order 5 units: Predicted demand is 0.4/day. With 2d lead time and 4.2 buffer, we need 5.0 total."
FOODS_1_052,FOODS_1,0,3.601526908697379,4,0.23185366068362726,"Order 4 units: Predicted demand is 0.2/day. With 2d lead time and 3.1 buffer, we need 3.6 total."
FOODS_1_052,FOODS_1,0,0.0,0,0.0,Inventory sufficient: Current stock covers ROP.
FOODS_1_053,FOODS_1,0,0.0,0,0.0,Inventory sufficient: Current stock covers ROP.
FOODS_1_053,FOODS_1,0,2.451024573687036,2,1.780217587922594,"Order 2 units: Predicted demand is 0.3/day. With 2d lead time and 1.8 buffer, we need 2.5 total."
FOODS_1_053,FOODS_1,0,2.5750705926624793,3,0.7822740256271338,"Order 3 units: Predicted demand is 0.2/day. With 2d lead time and 2.3 buffer, we need 2.6 total."
FOODS_1_053,FOODS_1,0,1.2312978565073784,1,0.9049795159879387,"Order 1 units: Predicted demand is 0.2/day. With 2d lead time and 0.9 buffer, we need 1.2 total."
FOODS_1_054,FOODS_1,0,7.077156325649679,7,1.100408351643281,"Order 7 units: Predicted demand is 0.6/day. With 2d lead time and 6.0 buffer, we need 7.1 total."
FOODS_1_054,FOODS_1,0,5.753466494969868,6,0.4735450561821875,"Order 6 units: Predicted demand is 0.2/day. With 2d lead time and 5.3 buffer, we need 5.8 total."
FOODS_1_054,FOODS_1,0,4.963297603464185,5,0.7394391793025101,"Order 5 units: Predicted demand is 0.4/day. With 2d lead time and 4.2 buffer, we need 5.0 total."
FOODS_1_054,FOODS_1,0,1.2970401315531985,1,0.41375118359387575,"Order 1 units: Predicted demand is 0.2/day. With 2d lead time and 0.9 buffer, we need 1.3 total."
FOODS_1_055,FOODS_1,0,0.0,0,0.0,Inventory sufficient: Current stock covers ROP.
FOODS_1_055,FOODS_1,0,0.0,0,0.0,Inventory sufficient: Current stock covers ROP.
FOODS_1_055,FOODS_1,0,0.01171073908033895,0,0.02049379339059316,"Order 0 units: Predicted demand is 0.0/day. With 2d lead time and 0.0 buffer, we need 0.0 total."
FOODS_1_055,FOODS_1,0,0.0,0,0.0,Inventory sufficient: Current stock covers ROP.
FOODS_1_056,FOODS_1,0,3.659734449559471,4,0.7835276927837661,"Order 4 units: Predicted demand is 0.3/day. With 2d lead time and 3.0 buffer, we need 3.7 total."
FOODS_1_056,FOODS_1,0,1.8237453963735235,2,0.771071854980448,"Order 2 units: Predicted demand is 0.3/day. With 2d lead time and 1.1 buffer, we need 1.8 total."
FOODS_1_056,FOODS_1,0,3.4266306046387425,3,0.830338310343499,"Order 3 units: Predicted demand is 0.4/day. With 2d lead time and 2.7 buffer, we need 3.4 total."
FOODS_1_056,FOODS_1,0,2.9735706152418726,3,0.4322820982704589,"Order 3 units: Predicted demand is 0.2/day. With 2d lead time and 2.6 buffer, we need 3.0 total."
FOODS_1_057,FOODS_1,0,3.041677752433973,3,0.8012158392116947,"Order 3 units: Predicted demand is 0.4/day. With 2d lead time and 2.3 buffer, we need 3.0 total."
FOODS_1_057,FOODS_1,0,2.9053959233166733,3,0.7758015096304011,"Order 3 units: Predicted demand is 0.3/day. With 2d lead time and 2.2 buffer, we need 2.9 total."
FOODS_1_057,FOODS_1,0,0.0,0,0.0,Inventory sufficient: Current stock covers ROP.
FOODS_1_057,FOODS_1,0,1.6320026416117839,2,0.5562974997932258,"Order 2 units: Predicted demand is 0.2/day. With 2d lead time and 1.1 buffer, we need 1.6 total."
FOODS_1_058,FOODS_1,1,21.033567668443823,20,0.7168456243464967,"Order 20 units: Predicted demand is 1.4/day. With 2d lead time and 18.3 buffer, we need 21.0 total."
FOODS_1_058,FOODS_1,0,8.95051561331057,9,2.457330302858188,"Order 9 units: Predicted demand is 1.3/day. With 2d lead time and 6.4 buffer, we need 9.0 total."
FOODS_1_058,FOODS_1,8,12.112920181727514,4,0.0,"Order 4 units: Predicted demand is 2.9/day. With 2d lead time and 6.2 buffer, we need 12.1 total."
FOODS_1_058,FOODS_1,1,11.166434767441078,10,0.5850396311749171,"Order 10 units: Predicted demand is 1.3/day. With 2d lead time and 8.6 buffer, we need 11.2 total."
FOODS_1_059,FOODS_1,0,3.8920344735333146,4,1.1896963915822263,"Order 4 units: Predicted demand is 0.2/day. With 2d lead time and 3.4 buffer, we need 3.9 total."
FOODS_1_059,FOODS_1,1,7.147425741589415,6,0.0,"Order 6 units: Predicted demand is 0.6/day. With 2d lead time and 6.0 buffer, we need 7.1 total."
FOODS_1_059,FOODS_1,0,4.864287297434288,5,1.1450041038847123,"Order 5 units: Predicted demand is 0.2/day. With 2d lead time and 4.4 buffer, we need 4.9 total."
FOODS_1_059,FOODS_1,0,5.03092311018353,5,1.9913573164001261,"Order 5 units: Predicted demand is 0.4/day. With 2d lead time and 4.2 buffer, we need 5.0 total."
FOODS_1_060,FOODS_1,0,6.955349405107002,7,0.3310891798352907,"Order 7 units: Predicted demand is 0.2/day. With 2d lead time and 6.6 buffer, we need 7.0 total."
FOODS_1_060,FOODS_1,0,3.160998956934473,3,0.48152787488532567,"Order 3 units: Predicted demand is 0.3/day. With 2d lead time and 2.6 buffer, we need 3.2 total."
FOODS_1_060,FOODS_1,0,3.8092196246046712,4,0.43635850178324737,"Order 4 units: Predicted demand is 0.3/day. With 2d lead time and 3.3 buffer, we need 3.8 total."
FOODS_1_060,FOODS_1,0,2.446244498002259,2,0.5776675219185398,"Order 2 units: Predicted demand is 0.3/day. With 2d lead time and 1.8 buffer, we need 2.4 total."
FOODS_1_061,FOODS_1,0,1.6863979560277604,2,0.9041467143409099,"Order 2 units: Predicted demand is 0.4/day. With 2d lead time and 0.9 buffer, we need 1.7 total."
FOODS_1_061,FOODS_1,0,8.035949745156877,8,3.636881299716208,"Order 8 units: Predicted demand is 1.6/day. With 2d lead time and 4.8 buffer, we need 8.0 total."
FOODS_1_061,FOODS_1,2,9.423856172503038,7,0.0,"Order 7 units: Predicted demand is 1.1/day. With 2d lead time and 7.3 buffer, we need 9.4 total."
FOODS_1_061,FOODS_1,0,3.6271100184904475,4,1.1083384091526314,"Order 4 units: Predicted demand is 0.5/day. With 2d lead time and 2.6 buffer, we need 3.6 total."
FOODS_1_062,FOODS_1,0,0.0,0,0.0,Inventory sufficient: Current stock covers ROP.
FOODS_1_062,FOODS_1,0,1.7814541169955789,2,1.1476767857250023,"Order 2 units: Predicted demand is 0.3/day. With 2d lead time and 1.2 buffer, we need 1.8 total."
FOODS_1_062,FOODS_1,0,3.6524282749853763,4,1.3855347338853299,"Order 4 units: Predicted demand is 0.3/day. With 2d lead time and 3.0 buffer, we need 3.7 total."
FOODS_1_062,FOODS_1,0,1.991133131922538,2,0.4967941360926489,"Order 2 units: Predicted demand is 0.1/day. With 2d lead time and 1.8 buffer, we need 2.0 total."
FOODS_1_063,FOODS_1,0,0.0,0,0.0,Inventory sufficient: Current stock covers ROP.
FOODS_1_063,FOODS_1,0,0.0,0,0.0,Inventory sufficient: Current stock covers ROP.
FOODS_1_063,FOODS_1,0,0.0,0,0.0,Inventory sufficient: Current stock covers ROP.
FOODS_1_063,FOODS_1,0,0.0,0,0.0,Inventory sufficient: Current stock covers ROP.
FOODS_1_064,FOODS_1,3,13.326859734056837,10,0.0,"Order 10 units: Predicted demand is 1.3/day. With 2d lead time and 10.7 buffer, we need 13.3 total."
FOODS_1_064,FOODS_1,0,7.035515555666808,7,1.0130605538997346,"Order 7 units: Predicted demand is 0.4/day. With 2d lead time and 6.3 buffer, we need 7.0 total."
FOODS_1_064,FOODS_1,0,4.022766907951386,4,0.9822640213478712,"Order 4 units: Predicted demand is 0.4/day. With 2d lead time and 3.3 buffer, we need 4.0 total."
FOODS_1_064,FOODS_1,0,3.0533804637013806,3,0.7579460245950681,"Order 3 units: Predicted demand is 0.3/day. With 2d lead time and 2.5 buffer, we need 3.1 total."
FOODS_1_065,FOODS_1,1,3.1735622412228155,2,0.0,"Order 2 units: Predicted demand is 0.4/day. With 2d lead time and 2.3 buffer, we need 3.2 total."
FOODS_1_065,FOODS_1,0,7.076208959577647,7,3.098408062847618,"Order 7 units: Predicted demand is 0.9/day. With 2d lead time and 5.3 buffer, we need 7.1 total."
FOODS_1_065,FOODS_1,0,9.767024251158611,10,3.960371943247554,"Order 10 units: Predicted demand is 1.1/day. With 2d lead time and 7.5 buffer, we need 9.8 total."
FOODS_1_065,FOODS_1,0,1.785712443927456,2,0.958857445567559,"Order 2 units: Predicted demand is 0.3/day. With 2d lead time and 1.2 buffer, we need 1.8 total."
FOODS_1_066,FOODS_1,2,7.913934004774632,6,0.0,"Order 6 units: Predicted demand is 1.0/day. With 2d lead time and 5.9 buffer, we need 7.9 total."
FOODS_1_066,FOODS_1,1,4.4843091173265295,3,0.0,"Order 3 units: Predicted demand is 0.6/day. With 2d lead time and 3.3 buffer, we need 4.5 total."
FOODS_1_066,FOODS_1,0,1.624533366700678,2,0.33272359806707813,"Order 2 units: Predicted demand is 0.2/day. With 2d lead time and 1.1 buffer, we need 1.6 total."
FOODS_1_066,FOODS_1,0,2.282283968320537,2,0.46062672159428975,"Order 2 units: Predicted demand is 0.3/day. With 2d lead time and 1.6 buffer, we need 2.3 total."
FOODS_1_067,FOODS_1,2,8.887926303021528,7,0.0,"Order 7 units: Predicted demand is 1.4/day. With 2d lead time and 6.1 buffer, we need 8.9 total."
FOODS_1_067,FOODS_1,6,10.991039684125884,5,0.0,"Order 5 units: Predicted demand is 2.1/day. With 2d lead time and 6.8 buffer, we need 11.0 total."
FOODS_1_067,FOODS_1,0,18.99163608898518,19,4.251829506999757,"Order 19 units: Predicted demand is 2.1/day. With 2d lead time and 14.7 buffer, we need 19.0 total."
FOODS_1_067,FOODS_1,0,4.041193455383208,4,0.6356801899090789,"Order 4 units: Predicted demand is 0.3/day. With 2d lead time and 3.4 buffer, we need 4.0 total."
FOODS_1_068,FOODS_1,1,1.9234471736041279,1,0.0,"Order 1 units: Predicted demand is 0.4/day. With 2d lead time and 1.1 buffer, we need 1.9 total."
FOODS_1_068,FOODS_1,0,3.3474683507649177,3,1.2706461006642733,"Order 3 units: Predicted demand is 0.4/day. With 2d lead time and 2.6 buffer, we need 3.3 total."
FOODS_1_068,FOODS_1,0,3.837621486536486,4,1.570566210352541,"Order 4 units: Predicted demand is 0.4/day. With 2d lead time and 3.0 buffer, we need 3.8 total."
FOODS_1_068,FOODS_1,0,0.01155192807260285,0,0.020678402497149438,"Order 0 units: Predicted demand is 0.0/day. With 2d lead time and 0.0 buffer, we need 0.0 total."
FOODS_1_069,FOODS_1,0,0.24142701573156927,0,0.32347447810909474,"Order 0 units: Predicted demand is 0.1/day. With 2d lead time and 0.0 buffer, we need 0.2 total."
FOODS_1_069,FOODS_1,0,0.2496996755032169,0,0.33455854960001324,"Order 0 units: Predicted demand is 0.1/day. With 2d lead time and 0.0 buffer, we need 0.2 total."
FOODS_1_069,FOODS_1,0,1.668742292126648,2,0.6349536273926397,"Order 2 units: Predicted demand is 0.3/day. With 2d lead time and 1.1 buffer, we need 1.7 total."
FOODS_1_069,FOODS_1,0,0.21988140005454082,0,0.29460671960432616,"Order 0 units: Predicted demand is 0.1/day. With 2d lead time and 0.0 buffer, we need 0.2 total."
FOODS_1_070,FOODS_1,0,0.0,0,0.0,Inventory sufficient: Current stock covers ROP.
FOODS_1_070,FOODS_1,0,4.197954279470973,4,0.22910252844638349,"Order 4 units: Predicted demand is 0.2/day. With 2d lead time and 3.7 buffer, we need 4.2 total."
FOODS_1_070,FOODS_1,0,3.5790101475922174,4,0.32434711633805813,"Order 4 units: Predicted demand is 0.3/day. With 2d lead time and 2.9 buffer, we need 3.6 total."
FOODS_1_070,FOODS_1,0,2.319899573120522,2,0.27512091729932386,"Order 2 units: Predicted demand is 0.3/day. With 2d lead time and 1.8 buffer, we need 2.3 total."
FOODS_1_071,FOODS_1,3,9.449437761236279,6,0.0,"Order 6 units: Predicted demand is 1.3/day. With 2d lead time and 6.9 buffer, we need 9.4 total."
FOODS_1_071,FOODS_1,1,12.616457761883602,12,0.0,"Order 12 units: Predicted demand is 0.9/day. With 2d lead time and 10.8 buffer, we need 12.6 total."
FOODS_1_071,FOODS_1,1,11.674579272291997,11,0.0,"Order 11 units: Predicted demand is 0.9/day. With 2d lead time and 9.8 buffer, we need 11.7 total."
FOODS_1_071,FOODS_1,0,2.898866331101714,3,0.6281455113276027,"Order 3 units: Predicted demand is 0.3/day. With 2d lead time and 2.3 buffer, we need 2.9 total."
FOODS_1_072,FOODS_1,0,0.0,0,0.0,Inventory sufficient: Current stock covers ROP.
FOODS_1_072,FOODS_1,0,7.548976880157769,8,2.4045833920253523,"Order 8 units: Predicted demand is 0.5/day. With 2d lead time and 6.6 buffer, we need 7.5 total."
FOODS_1_072,FOODS_1,0,7.908096018442952,8,2.992935063024934,"Order 8 units: Predicted demand is 0.6/day. With 2d lead time and 6.8 buffer, we need 7.9 total."
FOODS_1_072,FOODS_1,0,0.0,0,0.0,Inventory sufficient: Current stock covers ROP.
FOODS_1_073,FOODS_1,0,5.028717597626198,5,0.7329504159875722,"Order 5 units: Predicted demand is 0.3/day. With 2d lead time and 4.3 buffer, we need 5.0 total."
FOODS_1_073,FOODS_1,0,2.476062773450935,2,0.7603960260418948,"Order 2 units: Predicted demand is 0.4/day. With 2d lead time and 1.8 buffer, we need 2.5 total."
FOODS_1_073,FOODS_1,0,1.7381408955017965,2,0.6386883075117128,"Order 2 units: Predicted demand is 0.3/day. With 2d lead time and 1.1 buffer, we need 1.7 total."
FOODS_1_073,FOODS_1,0,1.210936349026226,1,0.3514889154587627,"Order 1 units: Predicted demand is 0.2/day. With 2d lead time and 0.9 buffer, we need 1.2 total."
FOODS_1_074,FOODS_1,0,6.319793815439935,6,1.991962837644331,"Order 6 units: Predicted demand is 0.9/day. With 2d lead time and 4.5 buffer, we need 6.3 total."
FOODS_1_074,FOODS_1,1,3.015164539244113,2,0.0,"Order 2 units: Predicted demand is 0.6/day. With 2d lead time and 1.8 buffer, we need 3.0 total."
FOODS_1_074,FOODS_1,0,5.949318263760722,6,1.806013925862377,"Order 6 units: Predicted demand is 0.8/day. With 2d lead time and 4.3 buffer, we need 5.9 total."
FOODS_1_074,FOODS_1,0,3.2000952297167107,3,0.6860162123355362,"Order 3 units: Predicted demand is 0.3/day. With 2d lead time and 2.6 buffer, we need 3.2 total."
FOODS_1_075,FOODS_1,2,5.666383845155984,4,0.0,"Order 4 units: Predicted demand is 0.9/day. With 2d lead time and 4.0 buffer, we need 5.7 total."
FOODS_1_075,FOODS_1,0,3.6721910811971448,4,1.2598385448324496,"Order 4 units: Predicted demand is 0.4/day. With 2d lead time and 3.0 buffer, we need 3.7 total."
FOODS_1_075,FOODS_1,0,3.6770973020785975,4,1.5057074251725058,"Order 4 units: Predicted demand is 0.4/day. With 2d lead time and 2.8 buffer, we need 3.7 total."
FOODS_1_075,FOODS_1,0,2.7025789962041893,3,1.4214764058702927,"Order 3 units: Predicted demand is 0.4/day. With 2d lead time and 1.9 buffer, we need 2.7 total."
FOODS_1_076,FOODS_1,0,1.2935475474663276,1,1.0649806747808626,"Order 1 units: Predicted demand is 0.2/day. With 2d lead time and 0.9 buffer, we need 1.3 total."
FOODS_1_076,FOODS_1,0,3.397594301647878,3,1.468688146773869,"Order 3 units: Predicted demand is 0.3/day. With 2d lead time and 2.8 buffer, we need 3.4 total."
FOODS_1_076,FOODS_1,0,3.333824016467225,3,1.7894472748773667,"Order 3 units: Predicted demand is 0.3/day. With 2d lead time and 2.6 buffer, we need 3.3 total."
FOODS_1_076,FOODS_1,0,0.0,0,0.0,Inventory sufficient: Current stock covers ROP.
FOODS_1_077,FOODS_1,0,4.131404788239045,4,0.948078887219864,"Order 4 units: Predicted demand is 0.3/day. With 2d lead time and 3.6 buffer, we need 4.1 total."
FOODS_1_077,FOODS_1,0,2.0960591278801997,2,0.436275225056092,"Order 2 units: Predicted demand is 0.1/day. With 2d lead time and 1.8 buffer, we need 2.1 total."
FOODS_1_077,FOODS_1,0,0.0,0,0.0,Inventory sufficient: Current stock covers ROP.
FOODS_1_077,FOODS_1,0,1.2858354453198948,1,0.24672615673021195,"Order 1 units: Predicted demand is 0.1/day. With 2d lead time and 1.1 buffer, we need 1.3 total."
FOODS_1_078,FOODS_1,0,3.7602059034797093,4,0.4867807353460372,"Order 4 units: Predicted demand is 0.1/day. With 2d lead time and 3.5 buffer, we need 3.8 total."
FOODS_1_078,FOODS_1,1,2.7817733205907786,2,0.0,"Order 2 units: Predicted demand is 0.5/day. With 2d lead time and 1.8 buffer, we need 2.8 total."
FOODS_1_078,FOODS_1,0,6.682581824961169,7,1.1760374830584266,"Order 7 units: Predicted demand is 0.3/day. With 2d lead time and 6.0 buffer, we need 6.7 total."
FOODS_1_078,FOODS_1,0,1.399739156933218,1,0.46008098362916167,"Order 1 units: Predicted demand is 0.1/day. With 2d lead time and 1.1 buffer, we need 1.4 total."
FOODS_1_079,FOODS_1,0,0.0,0,0.0,Inventory sufficient: Current stock covers ROP.
FOODS_1_079,FOODS_1,0,0.0,0,0.0,Inventory sufficient: Current stock covers ROP.
FOODS_1_079,FOODS_1,0,0.0,0,0.0,Inventory sufficient: Current stock covers ROP.
FOODS_1_079,FOODS_1,0,0.0,0,0.0,Inventory sufficient: Current stock covers ROP.
FOODS_1_080,FOODS_1,0,1.8072580596044845,2,2.13482029411544,"Order 2 units: Predicted demand is 0.3/day. With 2d lead time and 1.2 buffer, we need 1.8 total."
FOODS_1_080,FOODS_1,0,4.498997080368134,4,1.4230850390812564,"Order 4 units: Predicted demand is 0.2/day. With 2d lead time and 4.1 buffer, we need 4.5 total."
FOODS_1_080,FOODS_1,0,2.539705289888472,3,2.6891911674900606,"Order 3 units: Predicted demand is 0.4/day. With 2d lead time and 1.8 buffer, we need 2.5 total."
FOODS_1_080,FOODS_1,0,2.4035171576149548,2,2.173165822547436,"Order 2 units: Predicted demand is 0.3/day. With 2d lead time and 1.8 buffer, we need 2.4 total."
FOODS_1_081,FOODS_1,0,2.4987735072716766,2,1.8862049663002434,"Order 2 units: Predicted demand is 0.3/day. With 2d lead time and 1.8 buffer, we need 2.5 total."
FOODS_1_081,FOODS_1,0,6.042144503319907,6,2.444801515662821,"Order 6 units: Predicted demand is 0.4/day. With 2d lead time and 5.2 buffer, we need 6.0 total."
FOODS_1_081,FOODS_1,0,3.2179313839153236,3,1.6366434176001283,"Order 3 units: Predicted demand is 0.3/day. With 2d lead time and 2.6 buffer, we need 3.2 total."
FOODS_1_081,FOODS_1,0,2.9624753524896446,3,2.1143512781670752,"Order 3 units: Predicted demand is 0.4/day. With 2d lead time and 2.2 buffer, we need 3.0 total."
FOODS_1_082,FOODS_1,4,17.456709256798298,13,0.0,"Order 13 units: Predicted demand is 3.0/day. With 2d lead time and 11.5 buffer, we need 17.5 total."
FOODS_1_082,FOODS_1,6,19.438372890780784,13,0.0,"Order 13 units: Predicted demand is 2.9/day. With 2d lead time and 13.7 buffer, we need 19.4 total."
FOODS_1_082,FOODS_1,2,7.735866857816,6,0.0,"Order 6 units: Predicted demand is 1.2/day. With 2d lead time and 5.4 buffer, we need 7.7 total."
FOODS_1_082,FOODS_1,1,16.780919038679762,16,1.3203478430255273,"Order 16 units: Predicted demand is 2.3/day. With 2d lead time and 12.1 buffer, we need 16.8 total."
FOODS_1_083,FOODS_1,5,11.510239779123054,7,0.0,"Order 7 units: Predicted demand is 1.9/day. With 2d lead time and 7.6 buffer, we need 11.5 total."
FOODS_1_083,FOODS_1,1,9.15218432503162,8,0.0,"Order 8 units: Predicted demand is 0.9/day. With 2d lead time and 7.4 buffer, we need 9.2 total."
FOODS_1_083,FOODS_1,1,18.113281846813884,17,0.0,"Order 17 units: Predicted demand is 0.9/day. With 2d lead time and 16.2 buffer, we need 18.1 total."
FOODS_1_083,FOODS_1,0,3.76009560889292,4,0.3545823434187906,"Order 4 units: Predicted demand is 0.2/day. With 2d lead time and 3.4 buffer, we need 3.8 total."
FOODS_1_084,FOODS_1,0,0.0,0,0.0,Inventory sufficient: Current stock covers ROP.
FOODS_1_084,FOODS_1,0,0.0,0,0.0,Inventory sufficient: Current stock covers ROP.
FOODS_1_084,FOODS_1,0,0.0,0,0.0,Inventory sufficient: Current stock covers ROP.
FOODS_1_084,FOODS_1,0,0.9293704022166794,1,0.11482358843918924,"Order 1 units: Predicted demand is 0.0/day. With 2d lead time and 0.9 buffer, we need 0.9 total."
FOODS_1_085,FOODS_1,0,16.81187409057064,17,3.108085570696614,"Order 17 units: Predicted demand is 3.2/day. With 2d lead time and 10.5 buffer, we need 16.8 total."
